,Model vs. VIO Pose,VIO vs. Ground Truth Pose,Model vs. Ground Truth Pose
0,tensor(1.4614),tensor(1.0239),tensor(0.1366)
1,tensor(1.3679),tensor(1.0233),tensor(0.1227)
2,tensor(1.3881),tensor(1.0231),tensor(0.1244)
3,tensor(1.3238),tensor(1.0234),tensor(0.1172)
4,tensor(1.1170),tensor(1.0235),tensor(0.1141)
5,tensor(1.1544),tensor(1.0236),tensor(0.1082)
6,tensor(1.5254),tensor(1.0236),tensor(0.1540)
7,tensor(1.3143),tensor(1.0238),tensor(0.1328)
8,tensor(1.2144),tensor(1.0237),tensor(0.1158)
9,tensor(1.2905),tensor(1.0235),tensor(0.0999)
10,tensor(1.1931),tensor(1.0237),tensor(0.1119)
11,tensor(1.3684),tensor(1.0239),tensor(0.1262)
12,tensor(1.0455),tensor(1.0240),tensor(0.1160)
13,tensor(1.3189),tensor(1.0239),tensor(0.1219)
14,tensor(1.1100),tensor(1.0237),tensor(0.1125)
15,tensor(1.0953),tensor(1.0237),tensor(0.0961)
16,tensor(1.0514),tensor(1.0238),tensor(0.1014)
17,tensor(1.3861),tensor(1.0238),tensor(0.1288)
18,tensor(1.1885),tensor(1.0238),tensor(0.1070)
19,tensor(1.1820),tensor(1.0238),tensor(0.0998)
20,tensor(1.3241),tensor(1.0236),tensor(0.1211)
21,tensor(1.2393),tensor(1.0231),tensor(0.1029)
22,tensor(1.1944),tensor(1.0233),tensor(0.1204)
23,tensor(1.3445),tensor(1.0238),tensor(0.1251)
24,tensor(1.2184),tensor(1.0232),tensor(0.1070)
25,tensor(1.1921),tensor(1.0230),tensor(0.1130)
26,tensor(1.1781),tensor(1.0232),tensor(0.1101)
27,tensor(1.1492),tensor(1.0228),tensor(0.0957)
28,tensor(1.2951),tensor(1.0227),tensor(0.1124)
29,tensor(1.4783),tensor(1.0224),tensor(0.1351)
30,tensor(1.3346),tensor(1.0221),tensor(0.1255)
31,tensor(1.0399),tensor(1.0216),tensor(0.0919)
32,tensor(1.2841),tensor(1.0219),tensor(0.1280)
33,tensor(1.1482),tensor(1.0219),tensor(0.1140)
34,tensor(1.2401),tensor(1.0217),tensor(0.1120)
35,tensor(1.1307),tensor(1.0202),tensor(0.1212)
36,tensor(1.1667),tensor(1.0260),tensor(0.1043)
37,tensor(0.8398),tensor(1.0259),tensor(0.1262)
38,tensor(1.0462),tensor(1.0211),tensor(0.1205)
39,tensor(0.9869),tensor(1.0096),tensor(0.1098)
40,tensor(1.0847),tensor(1.0097),tensor(0.0952)
41,tensor(1.1984),tensor(1.0089),tensor(0.0884)
42,tensor(0.7217),tensor(1.0080),tensor(0.1622)
43,tensor(0.7197),tensor(1.0082),tensor(0.1278)
44,tensor(0.8152),tensor(1.0049),tensor(0.1106)
45,tensor(0.7542),tensor(1.0008),tensor(0.1131)
46,tensor(0.8420),tensor(0.9964),tensor(0.1014)
47,tensor(0.7307),tensor(0.9916),tensor(0.1502)
48,tensor(0.7989),tensor(0.9854),tensor(0.0926)
49,tensor(0.9863),tensor(0.9815),tensor(0.0861)
50,tensor(0.9711),tensor(0.9788),tensor(0.0713)
51,tensor(0.8037),tensor(0.9724),tensor(0.0924)
52,tensor(0.9865),tensor(0.9650),tensor(0.0747)
53,tensor(0.7716),tensor(0.9586),tensor(0.0850)
54,tensor(0.7908),tensor(0.9569),tensor(0.0819)
55,tensor(0.5499),tensor(0.9599),tensor(0.1456)
56,tensor(0.7200),tensor(0.9617),tensor(0.0945)
57,tensor(0.3103),tensor(0.9640),tensor(0.3491)
58,tensor(0.4283),tensor(0.9666),tensor(0.2084)
59,tensor(0.3970),tensor(0.9683),tensor(0.2411)
60,tensor(0.2545),tensor(0.9687),tensor(0.9936)
61,tensor(0.2240),tensor(0.9670),tensor(0.5490)
62,tensor(0.2590),tensor(0.9675),tensor(1.2208)
63,tensor(0.2975),tensor(0.9746),tensor(1.3748)
64,tensor(0.2305),tensor(0.9817),tensor(1.1228)
65,tensor(0.2156),tensor(0.9812),tensor(0.5318)
66,tensor(1.0082),tensor(0.9771),tensor(2.7083)
67,tensor(1.1729),tensor(0.9713),tensor(2.9246)
68,tensor(0.7610),tensor(0.9598),tensor(2.3670)
69,tensor(0.9984),tensor(0.9484),tensor(2.7110)
70,tensor(1.0939),tensor(0.9382),tensor(2.8144)
71,tensor(0.9934),tensor(0.9307),tensor(2.6886)
72,tensor(0.7288),tensor(0.9250),tensor(2.2749)
73,tensor(1.2382),tensor(0.9225),tensor(3.0129)
74,tensor(1.3024),tensor(0.9237),tensor(3.1119)
75,tensor(1.3389),tensor(0.9269),tensor(3.1769)
76,tensor(1.1727),tensor(0.9323),tensor(2.9368)
77,tensor(1.1214),tensor(0.9416),tensor(2.8523)
78,tensor(1.5229),tensor(0.9139),tensor(3.7335)
79,tensor(0.9067),tensor(0.9077),tensor(2.5815)
80,tensor(1.2059),tensor(0.9009),tensor(3.0969)
81,tensor(0.9392),tensor(0.8922),tensor(2.5737)
82,tensor(0.3952),tensor(0.9440),tensor(1.5417)
83,tensor(0.2560),tensor(0.9359),tensor(1.1236)
84,tensor(0.3340),tensor(0.9282),tensor(0.3066)
85,tensor(0.4205),tensor(0.9227),tensor(0.2233)
86,tensor(0.5220),tensor(0.9266),tensor(0.1584)
87,tensor(0.3091),tensor(0.9333),tensor(0.3068)
88,tensor(0.5433),tensor(0.9379),tensor(0.1468)
89,tensor(0.6894),tensor(0.9332),tensor(0.1276)
90,tensor(0.6080),tensor(0.9231),tensor(0.1452)
91,tensor(0.6769),tensor(0.9148),tensor(0.1400)
92,tensor(0.5660),tensor(0.9048),tensor(0.2134)
93,tensor(0.4634),tensor(0.8955),tensor(0.2308)
94,tensor(0.2436),tensor(0.8909),tensor(1.0559)
95,tensor(0.1964),tensor(0.8896),tensor(0.7709)
96,tensor(0.1860),tensor(0.8916),tensor(0.7404)
97,tensor(0.6358),tensor(0.8963),tensor(0.1898)
98,tensor(0.9499),tensor(0.9018),tensor(0.1761)
99,tensor(2.0478),tensor(0.9074),tensor(0.5191)
100,tensor(0.2722),tensor(0.9129),tensor(0.4440)
101,tensor(1.5333),tensor(0.9163),tensor(0.3355)
102,tensor(1.5151),tensor(0.9197),tensor(0.3226)
103,tensor(1.4073),tensor(0.9234),tensor(0.2715)
104,tensor(1.0920),tensor(0.9248),tensor(0.2266)
105,tensor(1.1900),tensor(0.9307),tensor(0.2444)
106,tensor(1.8218),tensor(0.9298),tensor(0.4554)
107,tensor(0.4021),tensor(0.9232),tensor(0.2601)
108,tensor(0.4708),tensor(0.9142),tensor(0.2823)
109,tensor(0.5450),tensor(0.9014),tensor(0.1849)
110,tensor(0.5968),tensor(0.8909),tensor(0.1926)
111,tensor(0.9496),tensor(0.8841),tensor(0.2549)
112,tensor(0.9625),tensor(0.8777),tensor(0.2524)
113,tensor(0.7775),tensor(0.8677),tensor(0.1200)
114,tensor(0.9132),tensor(0.8546),tensor(0.1461)
115,tensor(1.0120),tensor(0.8367),tensor(0.1851)
116,tensor(0.9730),tensor(0.8192),tensor(0.1333)
117,tensor(1.1299),tensor(0.8037),tensor(0.1351)
118,tensor(1.1585),tensor(0.7899),tensor(0.1795)
119,tensor(1.4163),tensor(0.7734),tensor(0.3530)
120,tensor(1.4785),tensor(0.7515),tensor(0.3901)
121,tensor(1.4310),tensor(0.7302),tensor(0.3279)
122,tensor(1.4463),tensor(0.7112),tensor(0.2909)
123,tensor(1.4437),tensor(0.6977),tensor(0.3345)
124,tensor(1.4203),tensor(0.6997),tensor(0.3357)
125,tensor(1.4343),tensor(0.7074),tensor(0.3460)
126,tensor(1.3805),tensor(0.7143),tensor(0.3519)
127,tensor(1.2406),tensor(0.7197),tensor(0.3671)
128,tensor(1.2584),tensor(0.7211),tensor(0.4073)
129,tensor(1.2027),tensor(0.7197),tensor(0.4003)
130,tensor(1.1474),tensor(0.7191),tensor(0.4120)
131,tensor(1.0821),tensor(0.7234),tensor(0.3896)
132,tensor(0.9930),tensor(0.7322),tensor(0.3297)
133,tensor(0.9610),tensor(0.7403),tensor(0.3259)
134,tensor(0.8898),tensor(0.7484),tensor(0.3044)
135,tensor(0.7899),tensor(0.7528),tensor(0.2920)
136,tensor(0.7470),tensor(0.7558),tensor(0.2600)
137,tensor(0.6911),tensor(0.7649),tensor(0.2496)
138,tensor(0.6797),tensor(0.7811),tensor(0.2833)
139,tensor(0.6324),tensor(0.8010),tensor(0.2723)
140,tensor(0.5432),tensor(0.8219),tensor(0.2083)
141,tensor(0.5890),tensor(0.8439),tensor(0.2152)
142,tensor(0.7257),tensor(0.8677),tensor(0.1815)
143,tensor(0.5856),tensor(0.8935),tensor(0.1972)
144,tensor(1.0940),tensor(0.9190),tensor(0.1947)
145,tensor(1.3413),tensor(0.9439),tensor(0.2351)
146,tensor(1.9187),tensor(0.9705),tensor(0.4001)
147,tensor(0.6282),tensor(0.9977),tensor(0.1746)
148,tensor(0.5024),tensor(1.0172),tensor(0.2261)
149,tensor(0.3762),tensor(1.0361),tensor(0.3695)
150,tensor(0.3586),tensor(1.0613),tensor(0.5137)
151,tensor(0.3642),tensor(1.0905),tensor(0.4452)
152,tensor(0.3742),tensor(1.1216),tensor(0.5005)
153,tensor(0.3684),tensor(1.1505),tensor(0.4823)
154,tensor(0.4002),tensor(1.1722),tensor(0.5004)
155,tensor(0.3726),tensor(1.1917),tensor(0.6012)
156,tensor(0.3563),tensor(1.2146),tensor(0.5923)
157,tensor(0.4503),tensor(1.2403),tensor(0.5712)
158,tensor(0.4767),tensor(1.2699),tensor(0.6113)
159,tensor(0.6109),tensor(1.2935),tensor(0.5290)
160,tensor(0.4565),tensor(1.3131),tensor(0.6670)
161,tensor(0.6138),tensor(1.3298),tensor(0.5829)
162,tensor(0.5041),tensor(1.3498),tensor(0.6131)
163,tensor(0.6524),tensor(1.3757),tensor(0.6066)
164,tensor(0.5665),tensor(1.3977),tensor(0.5806)
165,tensor(0.8461),tensor(1.4196),tensor(0.6199)
166,tensor(0.6586),tensor(1.4456),tensor(0.5681)
167,tensor(0.6904),tensor(1.4721),tensor(0.5861)
168,tensor(0.7449),tensor(1.4917),tensor(0.6409)
169,tensor(0.7528),tensor(1.5067),tensor(0.6067)
170,tensor(0.8659),tensor(1.5195),tensor(0.5796)
171,tensor(0.9970),tensor(1.5305),tensor(0.5962)
172,tensor(1.6128),tensor(1.5340),tensor(0.8973)
173,tensor(1.6816),tensor(1.5336),tensor(0.9262)
174,tensor(1.5754),tensor(1.5319),tensor(0.8577)
175,tensor(1.1649),tensor(1.5332),tensor(0.5667)
176,tensor(1.8482),tensor(1.5336),tensor(0.9548)
177,tensor(3.3349),tensor(1.5413),tensor(1.5507)
178,tensor(2.6110),tensor(1.5441),tensor(1.2670)
179,tensor(2.7418),tensor(1.5451),tensor(1.3176)
180,tensor(2.7673),tensor(1.5471),tensor(1.3220)
181,tensor(3.4348),tensor(1.5509),tensor(1.6108)
182,tensor(4.2772),tensor(1.5529),tensor(2.0247)
183,tensor(4.2039),tensor(1.5555),tensor(1.9771)
184,tensor(3.9933),tensor(1.5584),tensor(1.8876)
185,tensor(2.7240),tensor(1.5618),tensor(1.3005)
186,tensor(2.8367),tensor(1.5643),tensor(1.3610)
187,tensor(4.2934),tensor(1.5658),tensor(2.0316)
188,tensor(5.8969),tensor(1.5668),tensor(2.9785)
189,tensor(4.8472),tensor(1.5663),tensor(2.3190)
190,tensor(6.6244),tensor(1.5694),tensor(3.4040)
191,tensor(5.3151),tensor(1.5732),tensor(2.5867)
192,tensor(2.3829),tensor(1.5846),tensor(1.1435)
193,tensor(2.7764),tensor(1.5945),tensor(1.2779)
194,tensor(2.7782),tensor(1.6019),tensor(1.2607)
195,tensor(2.8630),tensor(1.6052),tensor(1.2927)
196,tensor(2.3992),tensor(1.6042),tensor(1.0876)
197,tensor(2.4025),tensor(1.6007),tensor(1.0892)
198,tensor(2.1307),tensor(1.5927),tensor(0.9843)
199,tensor(2.1504),tensor(1.5832),tensor(0.9855)
200,tensor(1.9506),tensor(1.5752),tensor(0.9150)
201,tensor(1.8571),tensor(1.5666),tensor(0.9032)
202,tensor(1.7201),tensor(1.5587),tensor(0.8762)
203,tensor(2.0364),tensor(1.5508),tensor(0.9127)
204,tensor(1.7066),tensor(1.5444),tensor(0.8660)
205,tensor(3.4923),tensor(1.4612),tensor(1.3862)
206,tensor(4.2587),tensor(1.4501),tensor(1.7384)
207,tensor(4.6876),tensor(1.4429),tensor(1.9846)
208,tensor(3.3975),tensor(1.4414),tensor(1.3104)
209,tensor(2.3803),tensor(1.4442),tensor(0.9356)
210,tensor(3.4722),tensor(1.4517),tensor(1.3003)
211,tensor(2.4612),tensor(1.5422),tensor(0.9610)
212,tensor(2.3557),tensor(1.5482),tensor(0.9184)
213,tensor(1.2195),tensor(1.5551),tensor(0.9599)
214,tensor(1.4297),tensor(1.5617),tensor(0.9035)
215,tensor(1.3089),tensor(1.5693),tensor(0.9669)
216,tensor(1.2537),tensor(1.5776),tensor(1.0248)
217,tensor(0.9076),tensor(1.5857),tensor(1.3307)
218,tensor(1.1127),tensor(1.5946),tensor(1.1811)
219,tensor(1.0285),tensor(1.6063),tensor(1.3503)
220,tensor(1.1028),tensor(1.6123),tensor(1.2998)
221,tensor(1.0465),tensor(1.6100),tensor(1.4285)
222,tensor(0.8186),tensor(1.6069),tensor(1.6549)
223,tensor(0.7909),tensor(1.5996),tensor(1.8088)
224,tensor(0.9860),tensor(1.5888),tensor(1.6171)
225,tensor(0.8482),tensor(1.5788),tensor(1.8039)
226,tensor(0.8253),tensor(1.5645),tensor(1.7939)
227,tensor(0.9366),tensor(1.5440),tensor(1.3891)
228,tensor(1.2378),tensor(1.5160),tensor(0.9914)
229,tensor(0.8562),tensor(1.4851),tensor(1.3346)
230,tensor(1.6406),tensor(1.4511),tensor(0.6931)
231,tensor(1.2394),tensor(1.4183),tensor(0.7107)
232,tensor(1.8066),tensor(1.3811),tensor(0.5594)
233,tensor(1.7645),tensor(1.3432),tensor(0.4894)
234,tensor(1.7786),tensor(1.3078),tensor(0.4564)
235,tensor(1.5234),tensor(1.2760),tensor(0.3855)
236,tensor(1.6114),tensor(1.2502),tensor(0.3396)
237,tensor(1.4010),tensor(1.2272),tensor(0.2829)
238,tensor(1.0957),tensor(1.2051),tensor(0.2641)
239,tensor(1.2364),tensor(1.1849),tensor(0.1966)
240,tensor(0.8035),tensor(1.1661),tensor(0.2711)
241,tensor(0.6456),tensor(1.1473),tensor(0.3422)
242,tensor(0.7245),tensor(1.1319),tensor(0.2280)
243,tensor(0.6912),tensor(1.1177),tensor(0.1979)
244,tensor(0.4436),tensor(1.1090),tensor(0.4442)
245,tensor(0.3642),tensor(1.1090),tensor(0.6593)
246,tensor(0.3701),tensor(1.1089),tensor(0.9657)
247,tensor(0.5644),tensor(1.0894),tensor(0.4761)
248,tensor(0.5670),tensor(1.0731),tensor(0.4712)
249,tensor(0.7325),tensor(1.0562),tensor(2.0380)
250,tensor(0.3275),tensor(1.0344),tensor(0.6473)
251,tensor(0.3439),tensor(1.1004),tensor(0.6365)
252,tensor(0.3733),tensor(1.0853),tensor(0.3614)
253,tensor(0.4835),tensor(1.0626),tensor(0.2014)
254,tensor(0.3755),tensor(1.0396),tensor(0.3516)
255,tensor(0.4265),tensor(1.0133),tensor(0.2083)
256,tensor(0.5250),tensor(0.9884),tensor(0.1634)
257,tensor(0.5050),tensor(0.9692),tensor(0.1563)
258,tensor(0.4103),tensor(0.9539),tensor(0.2047)
259,tensor(0.5297),tensor(0.9414),tensor(0.1370)
260,tensor(0.5697),tensor(0.9272),tensor(0.1357)
261,tensor(0.5811),tensor(0.9058),tensor(0.1382)
262,tensor(0.6161),tensor(0.8830),tensor(0.1403)
263,tensor(0.6388),tensor(0.8650),tensor(0.1361)
264,tensor(0.5432),tensor(0.8509),tensor(0.1751)
265,tensor(0.7603),tensor(0.8373),tensor(0.1540)
266,tensor(0.9009),tensor(0.8231),tensor(0.1716)
267,tensor(0.8956),tensor(0.8072),tensor(0.1757)
268,tensor(0.9859),tensor(0.7953),tensor(0.1708)
269,tensor(0.9094),tensor(0.7897),tensor(0.1457)
270,tensor(1.0560),tensor(0.7876),tensor(0.1947)
271,tensor(0.7301),tensor(0.7884),tensor(0.1234)
272,tensor(0.3065),tensor(0.7962),tensor(0.2945)
273,tensor(0.3110),tensor(0.7464),tensor(0.3129)
274,tensor(0.4113),tensor(0.7642),tensor(1.0333)
275,tensor(0.2815),tensor(0.7811),tensor(0.3419)
276,tensor(0.2821),tensor(0.7981),tensor(0.7788)
277,tensor(0.4407),tensor(0.8494),tensor(0.9952)
278,tensor(0.2530),tensor(0.8642),tensor(0.6487)
279,tensor(0.2485),tensor(0.8767),tensor(0.6502)
280,tensor(0.3275),tensor(0.8898),tensor(0.8234)
281,tensor(0.3547),tensor(0.9044),tensor(0.9488)
282,tensor(0.2369),tensor(0.9181),tensor(0.6845)
283,tensor(0.2483),tensor(0.9305),tensor(0.3393)
284,tensor(0.2364),tensor(0.9435),tensor(0.7721)
285,tensor(0.4099),tensor(0.9576),tensor(1.2836)
286,tensor(0.2730),tensor(0.9732),tensor(0.8957)
287,tensor(0.4706),tensor(0.9872),tensor(1.5105)
288,tensor(0.6411),tensor(0.9984),tensor(1.8934)
289,tensor(0.4472),tensor(1.0051),tensor(1.5348)
290,tensor(0.3488),tensor(1.0102),tensor(1.1445)
291,tensor(0.4074),tensor(1.0143),tensor(0.2546)
292,tensor(0.7721),tensor(1.0206),tensor(0.1417)
293,tensor(0.7351),tensor(1.0323),tensor(0.1465)
294,tensor(0.5324),tensor(1.0975),tensor(0.1973)
295,tensor(0.6680),tensor(1.0770),tensor(0.1896)
296,tensor(0.5483),tensor(1.1066),tensor(0.2684)
297,tensor(0.6461),tensor(1.1296),tensor(0.2472)
298,tensor(0.7639),tensor(1.1408),tensor(0.2135)
299,tensor(0.6509),tensor(1.1450),tensor(0.2571)
300,tensor(0.7164),tensor(1.1339),tensor(0.2104)
301,tensor(0.6298),tensor(1.1061),tensor(0.2254)
302,tensor(0.5573),tensor(1.0674),tensor(1.7232)
303,tensor(0.5743),tensor(1.0260),tensor(0.1815)
304,tensor(0.3365),tensor(0.9909),tensor(1.1177)
305,tensor(0.3173),tensor(0.9632),tensor(1.0904)
306,tensor(0.2247),tensor(0.9416),tensor(0.6062)
307,tensor(0.2187),tensor(0.9234),tensor(0.7577)
308,tensor(0.2178),tensor(0.9084),tensor(0.5161)
309,tensor(0.2005),tensor(0.8956),tensor(0.5387)
310,tensor(0.2021),tensor(0.8854),tensor(0.6157)
311,tensor(0.1856),tensor(0.8788),tensor(0.5309)
312,tensor(0.2027),tensor(0.8748),tensor(0.6332)
313,tensor(0.1868),tensor(0.8750),tensor(0.4356)
314,tensor(0.2060),tensor(0.8787),tensor(0.7916)
315,tensor(0.2337),tensor(0.8843),tensor(0.8862)
316,tensor(0.2234),tensor(0.8909),tensor(0.9203)
317,tensor(0.2298),tensor(0.8977),tensor(0.9524)
318,tensor(0.5340),tensor(0.9055),tensor(1.6187)
319,tensor(0.6243),tensor(0.9156),tensor(1.7771)
320,tensor(0.6547),tensor(0.9275),tensor(1.8712)
321,tensor(0.5105),tensor(0.9393),tensor(1.7036)
322,tensor(0.3048),tensor(0.9515),tensor(1.2353)
323,tensor(0.2139),tensor(0.9649),tensor(1.0312)
324,tensor(0.2759),tensor(1.0041),tensor(1.0289)
325,tensor(0.2063),tensor(1.0034),tensor(0.9930)
326,tensor(0.2615),tensor(1.0303),tensor(1.0568)
327,tensor(0.3251),tensor(1.0598),tensor(1.2549)
328,tensor(0.2405),tensor(1.0918),tensor(0.9251)
329,tensor(0.3192),tensor(1.1238),tensor(1.2037)
330,tensor(0.3155),tensor(1.1559),tensor(0.8345)
331,tensor(0.3414),tensor(1.1889),tensor(1.2016)
332,tensor(0.3782),tensor(1.2227),tensor(1.2479)
333,tensor(0.4777),tensor(1.2582),tensor(1.6366)
334,tensor(0.6660),tensor(1.2959),tensor(2.3412)
335,tensor(0.8059),tensor(1.3346),tensor(2.5308)
336,tensor(0.7202),tensor(1.3730),tensor(2.3701)
337,tensor(0.8721),tensor(1.4086),tensor(2.7099)
338,tensor(0.9446),tensor(1.4411),tensor(2.8035)
339,tensor(0.8194),tensor(1.4701),tensor(2.6136)
340,tensor(1.0026),tensor(1.4957),tensor(2.8919)
341,tensor(1.0184),tensor(1.5163),tensor(2.9582)
342,tensor(0.9341),tensor(1.5321),tensor(2.7161)
343,tensor(0.9562),tensor(1.5434),tensor(2.8985)
344,tensor(0.9623),tensor(1.5496),tensor(2.8002)
345,tensor(0.9701),tensor(1.5513),tensor(2.7462)
346,tensor(1.0921),tensor(1.5493),tensor(2.9836)
347,tensor(0.9509),tensor(1.5445),tensor(2.7342)
348,tensor(0.9057),tensor(1.5385),tensor(2.6070)
349,tensor(0.7468),tensor(1.5312),tensor(2.1363)
350,tensor(0.7722),tensor(1.5227),tensor(1.8344)
351,tensor(0.7733),tensor(1.5128),tensor(2.1460)
352,tensor(0.7136),tensor(1.5011),tensor(1.6072)
353,tensor(0.7019),tensor(1.4885),tensor(1.5915)
354,tensor(0.7328),tensor(1.4742),tensor(1.1407)
355,tensor(0.6114),tensor(1.4140),tensor(1.7358)
356,tensor(0.8304),tensor(1.3960),tensor(0.9182)
357,tensor(0.7292),tensor(1.3788),tensor(0.9861)
358,tensor(0.6813),tensor(1.3623),tensor(0.9931)
359,tensor(0.7599),tensor(1.3468),tensor(0.8569)
360,tensor(0.7190),tensor(1.3308),tensor(0.8524)
361,tensor(1.3523),tensor(1.3128),tensor(0.5263)
362,tensor(1.9921),tensor(1.2938),tensor(0.6103)
363,tensor(0.9203),tensor(1.2749),tensor(0.5855)
364,tensor(0.5841),tensor(1.2558),tensor(0.7720)
365,tensor(0.9775),tensor(1.2408),tensor(0.5284)
366,tensor(0.6622),tensor(1.3157),tensor(0.6102)
367,tensor(0.6082),tensor(1.3034),tensor(0.6074)
368,tensor(0.3985),tensor(1.2911),tensor(0.6582)
369,tensor(0.3915),tensor(1.2803),tensor(0.5935)
370,tensor(0.4393),tensor(1.2686),tensor(0.5197)
371,tensor(0.4319),tensor(1.2554),tensor(0.5413)
372,tensor(0.4357),tensor(1.2405),tensor(0.4608)
373,tensor(0.4524),tensor(1.2252),tensor(0.4068)
374,tensor(0.4299),tensor(1.2111),tensor(0.3928)
375,tensor(0.5010),tensor(1.1972),tensor(0.3301)
376,tensor(0.4477),tensor(1.1768),tensor(0.3187)
377,tensor(0.4381),tensor(1.1542),tensor(0.3825)
378,tensor(0.4529),tensor(1.1383),tensor(0.2572)
379,tensor(0.4215),tensor(1.1180),tensor(0.2496)
380,tensor(0.4461),tensor(1.0950),tensor(0.2259)
381,tensor(0.5674),tensor(1.0687),tensor(0.2004)
382,tensor(0.6635),tensor(1.0362),tensor(0.2283)
383,tensor(0.4462),tensor(1.0027),tensor(0.1645)
384,tensor(0.4622),tensor(0.9698),tensor(0.1885)
385,tensor(0.4515),tensor(0.9380),tensor(0.1660)
386,tensor(0.4671),tensor(0.9062),tensor(0.1604)
387,tensor(0.4794),tensor(0.8748),tensor(0.1686)
388,tensor(0.4907),tensor(0.8443),tensor(0.2212)
389,tensor(0.4993),tensor(0.8222),tensor(0.2209)
390,tensor(0.5145),tensor(0.8051),tensor(0.2386)
391,tensor(0.5349),tensor(0.7952),tensor(0.2825)
392,tensor(0.5854),tensor(0.7854),tensor(0.3396)
393,tensor(0.4956),tensor(0.7749),tensor(0.2542)
394,tensor(0.4383),tensor(0.7614),tensor(0.3123)
395,tensor(0.4546),tensor(0.7476),tensor(0.3117)
396,tensor(0.4208),tensor(0.7354),tensor(0.3664)
397,tensor(0.4589),tensor(0.7241),tensor(0.4375)
398,tensor(0.4552),tensor(0.7698),tensor(0.7359)
399,tensor(0.4635),tensor(0.7789),tensor(0.1808)
400,tensor(0.3742),tensor(0.7865),tensor(0.3337)
401,tensor(0.3890),tensor(0.7934),tensor(0.2392)
402,tensor(0.4453),tensor(0.7976),tensor(0.1801)
403,tensor(0.6330),tensor(0.7985),tensor(0.1759)
404,tensor(0.3187),tensor(0.8024),tensor(0.2834)
405,tensor(0.3546),tensor(0.8059),tensor(0.2174)
406,tensor(0.2539),tensor(0.8128),tensor(0.5030)
407,tensor(0.2597),tensor(0.8229),tensor(0.3938)
408,tensor(0.3907),tensor(0.8376),tensor(1.1903)
409,tensor(0.3164),tensor(0.8553),tensor(1.1284)
410,tensor(0.3318),tensor(0.8718),tensor(1.1889)
411,tensor(0.3462),tensor(0.8868),tensor(1.2662)
412,tensor(0.2666),tensor(0.9004),tensor(1.0204)
413,tensor(0.2340),tensor(0.8149),tensor(0.8551)
414,tensor(0.2635),tensor(0.8297),tensor(0.2975)
415,tensor(0.3474),tensor(0.8442),tensor(0.2330)
416,tensor(0.1912),tensor(0.8596),tensor(0.4491)
417,tensor(0.1916),tensor(0.8739),tensor(0.7262)
418,tensor(0.3145),tensor(0.8881),tensor(1.0414)
419,tensor(0.2956),tensor(0.9008),tensor(0.9960)
420,tensor(0.2712),tensor(0.9130),tensor(0.8425)
421,tensor(0.2633),tensor(0.9213),tensor(0.7961)
422,tensor(0.3467),tensor(0.9295),tensor(0.8037)
423,tensor(0.2869),tensor(0.9365),tensor(0.6836)
424,tensor(0.3243),tensor(0.9431),tensor(0.6705)
425,tensor(0.2699),tensor(0.9507),tensor(0.4692)
426,tensor(0.3173),tensor(0.9574),tensor(0.5169)
427,tensor(0.3242),tensor(0.9643),tensor(0.2365)
428,tensor(0.3595),tensor(0.9691),tensor(0.4297)
429,tensor(0.3966),tensor(0.9734),tensor(0.3883)
430,tensor(0.4428),tensor(0.9759),tensor(0.4000)
431,tensor(0.3802),tensor(0.9290),tensor(0.2965)
432,tensor(0.3983),tensor(0.9243),tensor(0.1696)
433,tensor(0.4187),tensor(0.9166),tensor(0.2064)
434,tensor(0.4934),tensor(0.9563),tensor(0.1574)
435,tensor(0.5520),tensor(0.9472),tensor(0.1384)
436,tensor(0.5739),tensor(0.9341),tensor(0.0892)
437,tensor(0.5820),tensor(0.9175),tensor(0.0921)
438,tensor(0.6604),tensor(0.9028),tensor(0.0768)
439,tensor(0.6910),tensor(0.8856),tensor(0.1000)
440,tensor(0.6991),tensor(0.8687),tensor(0.0945)
441,tensor(0.7003),tensor(0.8523),tensor(0.0864)
442,tensor(0.7834),tensor(0.8355),tensor(0.1312)
443,tensor(0.7712),tensor(0.8197),tensor(0.1550)
444,tensor(0.8338),tensor(0.8006),tensor(0.1255)
445,tensor(0.8192),tensor(0.7811),tensor(0.1439)
446,tensor(0.8699),tensor(0.7606),tensor(0.2126)
447,tensor(0.8857),tensor(0.7412),tensor(0.2161)
448,tensor(0.8402),tensor(0.7240),tensor(0.2035)
449,tensor(0.9502),tensor(0.7090),tensor(0.2728)
450,tensor(0.8754),tensor(0.6920),tensor(0.2710)
451,tensor(0.9313),tensor(0.6759),tensor(0.3190)
452,tensor(0.9030),tensor(0.6606),tensor(0.3591)
453,tensor(1.0047),tensor(0.6459),tensor(0.4743)
454,tensor(0.8767),tensor(0.6326),tensor(0.4067)
455,tensor(0.8050),tensor(0.6222),tensor(0.3976)
456,tensor(0.7873),tensor(0.6123),tensor(0.4219)
457,tensor(0.7656),tensor(0.6043),tensor(0.4102)
458,tensor(0.7211),tensor(0.6674),tensor(0.3581)
459,tensor(0.7740),tensor(0.6732),tensor(0.2700)
460,tensor(0.6563),tensor(0.6807),tensor(0.3221)
461,tensor(0.7677),tensor(0.6868),tensor(0.8927)
462,tensor(0.7050),tensor(0.6898),tensor(0.2380)
463,tensor(0.6064),tensor(0.6924),tensor(0.2435)
464,tensor(0.5513),tensor(0.6988),tensor(0.2664)
465,tensor(0.5281),tensor(0.7114),tensor(0.2390)
466,tensor(0.7525),tensor(0.7225),tensor(0.2162)
467,tensor(0.6820),tensor(0.7257),tensor(0.1718)
468,tensor(0.6929),tensor(0.7241),tensor(0.1530)
469,tensor(0.7428),tensor(0.7258),tensor(0.1674)
470,tensor(0.4637),tensor(0.7309),tensor(0.2150)
471,tensor(0.4289),tensor(0.7419),tensor(0.2905)
472,tensor(0.4659),tensor(0.7546),tensor(0.2169)
473,tensor(0.4535),tensor(0.7610),tensor(0.3074)
474,tensor(0.4753),tensor(0.7589),tensor(0.3778)
475,tensor(0.5512),tensor(0.7484),tensor(0.2568)
476,tensor(0.7134),tensor(0.7342),tensor(0.2482)
477,tensor(0.5927),tensor(0.7238),tensor(0.2942)
478,tensor(0.9088),tensor(0.7199),tensor(0.3205)
479,tensor(0.5511),tensor(0.7166),tensor(0.3573)
480,tensor(0.5475),tensor(0.7133),tensor(0.6136)
481,tensor(0.5285),tensor(0.7121),tensor(0.5948)
482,tensor(0.5301),tensor(0.7132),tensor(0.3667)
483,tensor(0.5073),tensor(0.7177),tensor(0.5802)
484,tensor(0.4663),tensor(0.7237),tensor(0.4404)
485,tensor(0.4583),tensor(0.7286),tensor(0.4189)
486,tensor(0.4188),tensor(0.7324),tensor(0.5853)
487,tensor(0.4530),tensor(0.7406),tensor(0.8234)
488,tensor(0.4489),tensor(0.7529),tensor(0.8337)
489,tensor(0.4734),tensor(0.7667),tensor(0.8842)
490,tensor(0.6371),tensor(0.7768),tensor(1.3230)
491,tensor(0.7209),tensor(0.7873),tensor(1.6087)
492,tensor(0.7977),tensor(0.7959),tensor(1.6160)
493,tensor(0.5228),tensor(0.6767),tensor(1.2964)
494,tensor(1.2171),tensor(0.6983),tensor(2.4963)
495,tensor(1.0501),tensor(0.7191),tensor(2.2282)
496,tensor(1.4342),tensor(0.7398),tensor(2.9028)
497,tensor(1.6122),tensor(0.7603),tensor(3.2698)
498,tensor(1.1584),tensor(0.7802),tensor(2.5745)
499,tensor(1.4599),tensor(0.8016),tensor(3.0727)
500,tensor(1.3466),tensor(0.8255),tensor(2.9216)
501,tensor(1.5021),tensor(0.8495),tensor(3.1855)
502,tensor(1.5082),tensor(0.8756),tensor(3.2983)
503,tensor(1.3358),tensor(0.9025),tensor(3.0819)
504,tensor(1.3289),tensor(0.9212),tensor(3.1079)
505,tensor(1.3516),tensor(0.9341),tensor(3.2354)
506,tensor(1.2141),tensor(0.9477),tensor(3.0186)
507,tensor(1.5794),tensor(0.9640),tensor(3.6260)
508,tensor(1.4753),tensor(0.9796),tensor(3.4691)
509,tensor(1.1434),tensor(0.9939),tensor(2.9436)
510,tensor(1.0597),tensor(1.0088),tensor(2.9228)
511,tensor(1.1182),tensor(1.0241),tensor(2.9935)
512,tensor(0.6900),tensor(1.0390),tensor(2.1207)
513,tensor(0.4900),tensor(1.0542),tensor(1.7252)
514,tensor(0.4916),tensor(1.0714),tensor(1.7617)
515,tensor(0.3751),tensor(1.0904),tensor(1.4213)
516,tensor(0.3532),tensor(1.1068),tensor(1.2791)
517,tensor(0.3633),tensor(1.1183),tensor(1.3975)
518,tensor(0.3285),tensor(1.1221),tensor(1.2874)
519,tensor(0.3324),tensor(1.1187),tensor(1.1806)
520,tensor(0.2940),tensor(1.1133),tensor(1.0466)
521,tensor(0.3030),tensor(1.1106),tensor(1.1250)
522,tensor(0.2743),tensor(1.1088),tensor(0.8709)
523,tensor(0.2712),tensor(1.1087),tensor(0.9870)
524,tensor(0.2739),tensor(1.1087),tensor(0.8298)
525,tensor(0.2835),tensor(1.1075),tensor(0.7105)
526,tensor(0.2997),tensor(1.1068),tensor(0.6713)
527,tensor(0.3125),tensor(1.1068),tensor(0.6108)
528,tensor(0.3350),tensor(1.1065),tensor(0.5834)
529,tensor(0.3485),tensor(1.1079),tensor(0.5284)
530,tensor(0.2972),tensor(1.1074),tensor(0.6348)
531,tensor(0.3393),tensor(1.1048),tensor(0.6779)
532,tensor(1.2419),tensor(1.0982),tensor(0.2974)
533,tensor(3.0250),tensor(1.0895),tensor(1.0548)
534,tensor(2.8834),tensor(1.0783),tensor(0.9927)
535,tensor(3.2246),tensor(1.0607),tensor(1.1709)
536,tensor(2.3495),tensor(1.1683),tensor(0.7439)
537,tensor(0.4905),tensor(1.1702),tensor(0.2728)
538,tensor(0.5567),tensor(1.1718),tensor(0.2400)
539,tensor(0.7469),tensor(1.1662),tensor(0.1492)
540,tensor(0.9312),tensor(1.1595),tensor(0.1457)
541,tensor(1.0550),tensor(1.1526),tensor(0.1443)
542,tensor(0.9157),tensor(1.1500),tensor(0.1372)
543,tensor(0.4990),tensor(1.1513),tensor(0.2469)
544,tensor(0.5251),tensor(1.1603),tensor(0.2768)
545,tensor(0.4684),tensor(1.1774),tensor(0.4741)
546,tensor(0.5529),tensor(1.2001),tensor(0.3238)
547,tensor(2.4320),tensor(1.2277),tensor(0.7414)
548,tensor(0.4991),tensor(1.2582),tensor(0.5417)
549,tensor(2.0949),tensor(1.2966),tensor(0.6010)
550,tensor(2.1018),tensor(1.3387),tensor(0.6068)
551,tensor(0.9492),tensor(1.3833),tensor(0.4632)
552,tensor(1.6221),tensor(1.4298),tensor(0.5519)
553,tensor(2.2493),tensor(1.4798),tensor(0.7756)
554,tensor(2.8408),tensor(1.5283),tensor(1.0423)
555,tensor(2.4483),tensor(1.5783),tensor(0.9351)
556,tensor(2.6068),tensor(1.6300),tensor(1.0446)
557,tensor(2.3076),tensor(1.6802),tensor(1.0175)
558,tensor(2.8387),tensor(1.7293),tensor(1.2505)
559,tensor(2.2151),tensor(1.7698),tensor(1.1576)
560,tensor(2.4986),tensor(1.8018),tensor(1.2443)
561,tensor(1.8632),tensor(1.8332),tensor(1.3042)
562,tensor(3.0380),tensor(1.8592),tensor(1.4650)
563,tensor(2.1436),tensor(1.8733),tensor(1.2986)
564,tensor(1.7028),tensor(1.8733),tensor(1.3981)
565,tensor(1.6881),tensor(1.8711),tensor(1.4102)
566,tensor(1.8710),tensor(1.8687),tensor(1.2789)
567,tensor(1.5681),tensor(1.8645),tensor(1.3837)
568,tensor(2.1761),tensor(1.8605),tensor(1.2080)
569,tensor(1.2766),tensor(1.8581),tensor(1.7483)
570,tensor(1.9202),tensor(1.8537),tensor(1.1901)
571,tensor(1.2942),tensor(1.8461),tensor(1.6926)
572,tensor(1.2820),tensor(1.8414),tensor(1.6569)
573,tensor(1.2417),tensor(1.7386),tensor(1.8705)
574,tensor(1.3304),tensor(1.7373),tensor(1.5495)
575,tensor(1.4209),tensor(1.8583),tensor(1.4254)
576,tensor(2.3417),tensor(1.8677),tensor(1.1931)
577,tensor(2.8439),tensor(1.8776),tensor(1.2796)
578,tensor(2.8086),tensor(1.8911),tensor(1.2966)
579,tensor(3.7407),tensor(1.9078),tensor(1.5729)
580,tensor(3.2778),tensor(1.9265),tensor(1.4455)
581,tensor(3.3711),tensor(1.9467),tensor(1.5217)
582,tensor(3.5112),tensor(1.9626),tensor(1.5494)
583,tensor(2.6919),tensor(1.9750),tensor(1.4343)
584,tensor(2.0715),tensor(1.9855),tensor(1.5444)
585,tensor(1.5922),tensor(1.9138),tensor(2.1405)
586,tensor(1.5560),tensor(1.9483),tensor(2.5742)
587,tensor(1.5845),tensor(1.9818),tensor(3.0109)
588,tensor(1.5602),tensor(2.0084),tensor(3.2437)
589,tensor(1.6866),tensor(2.0233),tensor(3.1245)
590,tensor(1.5870),tensor(2.0222),tensor(3.4505)
591,tensor(1.5013),tensor(2.0047),tensor(3.1511)
592,tensor(1.5099),tensor(1.9691),tensor(3.2653)
593,tensor(1.3480),tensor(1.9193),tensor(2.9301)
594,tensor(1.9967),tensor(1.8660),tensor(1.4754)
595,tensor(3.5760),tensor(1.8148),tensor(1.5862)
596,tensor(3.4173),tensor(1.8832),tensor(1.5494)
597,tensor(3.6172),tensor(1.8502),tensor(1.5866)
598,tensor(3.5992),tensor(1.8208),tensor(1.5546)
599,tensor(3.5279),tensor(1.7890),tensor(1.4637)
600,tensor(3.8504),tensor(1.7646),tensor(1.6031)
601,tensor(1.7204),tensor(1.7466),tensor(0.9300)
602,tensor(1.3613),tensor(1.7284),tensor(0.9447)
603,tensor(1.3622),tensor(1.7084),tensor(0.8834)
604,tensor(1.8265),tensor(1.6896),tensor(0.8249)
605,tensor(3.5899),tensor(1.6778),tensor(1.4388)
606,tensor(3.3271),tensor(1.6691),tensor(1.3280)
607,tensor(2.9616),tensor(1.6645),tensor(1.1421)
608,tensor(2.9252),tensor(1.6663),tensor(1.1563)
609,tensor(1.9833),tensor(1.6675),tensor(0.8180)
610,tensor(3.5627),tensor(1.6676),tensor(1.4508)
611,tensor(2.1442),tensor(1.6644),tensor(0.8677)
612,tensor(2.3154),tensor(1.5501),tensor(0.9218)
613,tensor(1.8672),tensor(1.5558),tensor(0.8371)
614,tensor(1.4037),tensor(1.5535),tensor(0.8169)
615,tensor(1.1609),tensor(1.5524),tensor(0.8901)
616,tensor(1.1720),tensor(1.5532),tensor(0.8889)
617,tensor(1.0491),tensor(1.5535),tensor(0.9453)
618,tensor(1.1807),tensor(1.5528),tensor(0.8764)
619,tensor(2.6053),tensor(1.6604),tensor(1.0043)
620,tensor(2.3783),tensor(1.6674),tensor(0.9369)
621,tensor(2.7490),tensor(1.6709),tensor(1.0569)
622,tensor(1.9104),tensor(1.6709),tensor(0.8433)
623,tensor(1.9432),tensor(1.6702),tensor(0.8533)
624,tensor(2.4073),tensor(1.5617),tensor(0.9739)
625,tensor(0.9521),tensor(1.5687),tensor(1.1090)
626,tensor(0.8336),tensor(1.5732),tensor(1.3395)
627,tensor(1.3099),tensor(1.5744),tensor(0.8956)
628,tensor(2.3198),tensor(1.5681),tensor(0.9437)
629,tensor(3.0617),tensor(1.6491),tensor(1.2143)
630,tensor(2.1601),tensor(1.6333),tensor(0.8654)
631,tensor(1.2362),tensor(1.6133),tensor(0.7874)
632,tensor(1.6983),tensor(1.5913),tensor(0.7527)
633,tensor(2.0037),tensor(1.5678),tensor(0.7925)
634,tensor(1.4519),tensor(1.5455),tensor(0.6839)
635,tensor(1.3532),tensor(1.5262),tensor(0.6384)
636,tensor(1.3049),tensor(1.5086),tensor(0.6293)
637,tensor(1.3626),tensor(1.4938),tensor(0.5957)
638,tensor(1.3544),tensor(1.4841),tensor(0.5712)
639,tensor(1.7980),tensor(1.4776),tensor(0.6213)
640,tensor(3.9367),tensor(1.4738),tensor(1.6636)
641,tensor(4.8558),tensor(1.4635),tensor(2.2441)
642,tensor(3.2327),tensor(1.4449),tensor(1.2029)
643,tensor(4.6004),tensor(1.4177),tensor(2.0813)
644,tensor(4.1864),tensor(1.3882),tensor(1.8406)
645,tensor(4.4083),tensor(1.3537),tensor(2.0029)
646,tensor(4.1765),tensor(1.3180),tensor(1.8559)
647,tensor(3.5312),tensor(1.2762),tensor(1.4329)
648,tensor(4.1098),tensor(1.2259),tensor(1.8391)
649,tensor(3.5069),tensor(1.1676),tensor(1.4775)
650,tensor(1.1008),tensor(1.1072),tensor(0.1870)
651,tensor(1.1774),tensor(1.0536),tensor(0.1882)
652,tensor(2.0001),tensor(1.0092),tensor(0.5602)
653,tensor(1.5031),tensor(0.9721),tensor(0.3441)
654,tensor(1.2791),tensor(0.9424),tensor(0.2417)
655,tensor(0.8614),tensor(0.9167),tensor(0.1042)
656,tensor(0.5808),tensor(0.8938),tensor(0.1368)
657,tensor(0.6413),tensor(0.8697),tensor(0.1135)
658,tensor(0.5677),tensor(0.8392),tensor(0.1683)
659,tensor(0.5444),tensor(0.8100),tensor(0.1650)
660,tensor(0.5807),tensor(0.7873),tensor(0.1654)
661,tensor(0.4888),tensor(0.7733),tensor(0.2588)
662,tensor(0.5245),tensor(0.7652),tensor(0.2504)
663,tensor(0.4270),tensor(0.7616),tensor(0.7008)
664,tensor(0.4730),tensor(0.7590),tensor(0.8914)
665,tensor(0.5202),tensor(0.7570),tensor(1.1343)
666,tensor(0.4205),tensor(0.7576),tensor(0.7577)
667,tensor(0.3793),tensor(0.7586),tensor(0.6701)
668,tensor(0.8140),tensor(0.7624),tensor(1.8656)
669,tensor(0.7154),tensor(0.7689),tensor(1.7716)
670,tensor(0.8309),tensor(0.7788),tensor(1.9929)
671,tensor(0.7347),tensor(0.7927),tensor(1.7943)
672,tensor(0.5013),tensor(0.8086),tensor(1.2559)
673,tensor(0.9594),tensor(0.8248),tensor(2.3787)
674,tensor(0.9354),tensor(0.7171),tensor(2.3155)
675,tensor(1.0737),tensor(0.7489),tensor(2.6130)
676,tensor(1.1008),tensor(0.7830),tensor(2.6933)
677,tensor(1.0767),tensor(0.8202),tensor(2.7293)
678,tensor(0.8764),tensor(0.8576),tensor(2.4946)
679,tensor(1.1142),tensor(0.8958),tensor(2.8301)
680,tensor(1.1571),tensor(0.9347),tensor(2.8997)
681,tensor(0.8783),tensor(0.9757),tensor(2.5505)
682,tensor(0.7068),tensor(1.0179),tensor(2.3053)
683,tensor(0.4540),tensor(1.0607),tensor(1.7342)
684,tensor(0.7299),tensor(1.1027),tensor(2.3249)
685,tensor(0.5538),tensor(1.1457),tensor(2.1145)
686,tensor(0.5460),tensor(1.1878),tensor(1.9641)
687,tensor(0.4121),tensor(1.2284),tensor(1.5312)
688,tensor(0.4251),tensor(1.2662),tensor(1.5771)
689,tensor(0.8879),tensor(1.3001),tensor(2.6906)
690,tensor(0.7728),tensor(1.3294),tensor(2.5084)
691,tensor(0.8249),tensor(1.3550),tensor(2.5873)
692,tensor(0.7549),tensor(1.3771),tensor(2.4410)
693,tensor(0.6760),tensor(1.3963),tensor(2.3054)
694,tensor(0.6950),tensor(1.4125),tensor(2.3039)
695,tensor(0.6070),tensor(1.4248),tensor(2.1221)
696,tensor(0.5504),tensor(1.3921),tensor(2.0326)
697,tensor(0.5666),tensor(1.3931),tensor(1.3704)
698,tensor(0.5201),tensor(1.3870),tensor(1.3681)
699,tensor(0.4427),tensor(1.3746),tensor(1.6606)
700,tensor(0.4694),tensor(1.4455),tensor(1.2159)
701,tensor(0.7252),tensor(1.4436),tensor(0.6735)
702,tensor(0.6701),tensor(1.4414),tensor(0.7250)
703,tensor(0.9882),tensor(1.4376),tensor(0.5480)
704,tensor(0.8077),tensor(1.4317),tensor(0.6361)
705,tensor(0.6613),tensor(1.4260),tensor(0.7147)
706,tensor(0.4372),tensor(1.4177),tensor(0.8502)
707,tensor(0.4485),tensor(1.4016),tensor(0.8629)
708,tensor(0.4406),tensor(1.3799),tensor(0.7305)
709,tensor(0.4584),tensor(1.3598),tensor(0.7059)
710,tensor(0.8968),tensor(1.3395),tensor(0.5928)
711,tensor(0.4560),tensor(1.3264),tensor(0.5926)
712,tensor(0.4474),tensor(1.3214),tensor(0.5717)
713,tensor(0.4801),tensor(1.3214),tensor(0.5216)
714,tensor(0.4786),tensor(1.3305),tensor(0.5270)
715,tensor(0.8802),tensor(1.3420),tensor(0.5727)
716,tensor(1.3059),tensor(1.3472),tensor(0.5567)
717,tensor(0.4023),tensor(1.3447),tensor(0.5880)
718,tensor(0.3917),tensor(1.3314),tensor(0.5752)
719,tensor(0.4392),tensor(1.3123),tensor(0.5757)
720,tensor(1.6406),tensor(1.2856),tensor(0.5314)
721,tensor(2.6874),tensor(1.2482),tensor(0.8544)
722,tensor(3.0060),tensor(1.2045),tensor(0.9680)
723,tensor(0.8541),tensor(1.1573),tensor(0.3817)
724,tensor(0.8212),tensor(1.1084),tensor(0.3461)
725,tensor(0.3370),tensor(1.0577),tensor(0.4518)
726,tensor(0.3141),tensor(1.0047),tensor(0.3912)
727,tensor(0.3419),tensor(0.9554),tensor(0.3745)
728,tensor(0.4564),tensor(0.9108),tensor(0.4321)
729,tensor(0.4301),tensor(0.8710),tensor(0.3506)
730,tensor(0.4454),tensor(0.8342),tensor(0.2972)
731,tensor(0.5547),tensor(0.8014),tensor(0.3257)
732,tensor(0.6547),tensor(0.7701),tensor(0.3527)
733,tensor(0.6847),tensor(0.7456),tensor(0.3824)
734,tensor(1.3318),tensor(0.7262),tensor(0.5128)
735,tensor(0.8093),tensor(0.7138),tensor(0.3994)
736,tensor(1.7233),tensor(0.7068),tensor(0.6750)
737,tensor(1.4024),tensor(0.7005),tensor(0.5710)
738,tensor(0.9474),tensor(0.6966),tensor(0.4407)
739,tensor(0.9944),tensor(0.6962),tensor(0.4644)
740,tensor(0.9771),tensor(0.6982),tensor(0.4241)
741,tensor(0.8696),tensor(0.7017),tensor(0.4083)
742,tensor(1.0048),tensor(0.7068),tensor(0.4187)
743,tensor(0.8675),tensor(0.7169),tensor(0.3561)
744,tensor(0.8436),tensor(0.7308),tensor(0.3369)
745,tensor(0.8225),tensor(0.7478),tensor(0.2964)
746,tensor(0.8342),tensor(0.7634),tensor(0.3132)
747,tensor(0.8317),tensor(0.7780),tensor(0.2646)
748,tensor(0.8924),tensor(0.7870),tensor(0.2606)
749,tensor(0.9198),tensor(0.7919),tensor(0.2864)
750,tensor(0.8678),tensor(0.7959),tensor(0.2048)
751,tensor(0.8180),tensor(0.8029),tensor(0.1600)
752,tensor(0.8480),tensor(0.8029),tensor(0.1622)
753,tensor(0.8084),tensor(0.8013),tensor(0.1577)
754,tensor(0.8003),tensor(0.8047),tensor(0.1247)
755,tensor(0.8185),tensor(0.8141),tensor(0.1362)
756,tensor(0.7639),tensor(0.8324),tensor(0.1362)
757,tensor(0.8190),tensor(0.8451),tensor(0.1762)
758,tensor(0.7307),tensor(0.8509),tensor(0.1576)
759,tensor(0.7462),tensor(0.8516),tensor(0.1792)
760,tensor(0.8553),tensor(0.9319),tensor(0.1413)
761,tensor(1.0502),tensor(0.9349),tensor(0.1318)
762,tensor(0.7551),tensor(0.9370),tensor(0.1309)
763,tensor(1.3462),tensor(0.9387),tensor(0.2300)
764,tensor(1.0145),tensor(0.9405),tensor(0.1359)
765,tensor(0.7601),tensor(0.9372),tensor(0.1018)
766,tensor(1.5765),tensor(0.9323),tensor(0.3617)
767,tensor(1.2522),tensor(0.9270),tensor(0.2483)
768,tensor(1.2649),tensor(0.9212),tensor(0.2530)
769,tensor(1.3942),tensor(0.9177),tensor(0.3058)
770,tensor(1.0382),tensor(0.9135),tensor(0.1956)
771,tensor(0.5348),tensor(0.9079),tensor(0.1360)
772,tensor(0.8284),tensor(0.9047),tensor(0.1578)
773,tensor(0.3962),tensor(0.9062),tensor(0.2208)
774,tensor(0.5165),tensor(0.9161),tensor(0.1678)
775,tensor(2.3218),tensor(0.8919),tensor(0.6554)
776,tensor(0.8127),tensor(0.9067),tensor(0.2293)
777,tensor(0.5466),tensor(0.9204),tensor(0.2833)
778,tensor(1.4740),tensor(0.9358),tensor(0.3214)
779,tensor(2.5625),tensor(0.9529),tensor(0.6898)
780,tensor(2.1217),tensor(0.9703),tensor(0.4940)
781,tensor(2.3696),tensor(0.9881),tensor(0.5821)
782,tensor(1.9707),tensor(1.0050),tensor(0.4213)
783,tensor(1.9997),tensor(1.0220),tensor(0.4122)
784,tensor(1.8858),tensor(1.0383),tensor(0.3571)
785,tensor(2.1745),tensor(1.0562),tensor(0.4373)
786,tensor(1.7933),tensor(1.0762),tensor(0.3300)
787,tensor(1.7094),tensor(1.0981),tensor(0.2787)
788,tensor(1.3603),tensor(1.1181),tensor(0.1998)
789,tensor(1.3514),tensor(1.1366),tensor(0.2124)
790,tensor(1.5180),tensor(1.1514),tensor(0.2383)
791,tensor(1.3811),tensor(1.1539),tensor(0.2244)
792,tensor(1.3978),tensor(1.1457),tensor(0.2278)
793,tensor(1.2146),tensor(1.1408),tensor(0.2182)
794,tensor(1.3747),tensor(1.1373),tensor(0.2277)
795,tensor(1.4087),tensor(1.1357),tensor(0.2115)
796,tensor(1.2212),tensor(1.1323),tensor(0.2063)
797,tensor(1.1940),tensor(1.1263),tensor(0.2064)
798,tensor(1.3847),tensor(1.1202),tensor(0.2123)
799,tensor(1.3455),tensor(1.1149),tensor(0.1857)
800,tensor(1.1757),tensor(1.1087),tensor(0.1752)
801,tensor(1.1881),tensor(1.1032),tensor(0.1724)
802,tensor(1.1985),tensor(1.0971),tensor(0.1706)
803,tensor(1.1252),tensor(1.0905),tensor(0.1495)
804,tensor(1.0413),tensor(1.0875),tensor(0.1596)
805,tensor(1.0921),tensor(1.0829),tensor(0.1572)
806,tensor(1.0284),tensor(1.0785),tensor(0.1327)
807,tensor(1.2999),tensor(1.0720),tensor(0.1515)
808,tensor(0.9089),tensor(1.0596),tensor(0.1667)
809,tensor(1.0961),tensor(1.0490),tensor(0.1309)
810,tensor(1.0278),tensor(1.0394),tensor(0.1416)
811,tensor(1.2075),tensor(1.0311),tensor(0.1120)
812,tensor(0.8972),tensor(1.0236),tensor(0.1289)
813,tensor(1.0841),tensor(1.0191),tensor(0.1128)
814,tensor(1.1438),tensor(1.0164),tensor(0.1033)
815,tensor(0.8509),tensor(1.0126),tensor(0.1349)
816,tensor(1.2602),tensor(1.0084),tensor(0.1173)
817,tensor(1.0816),tensor(1.0054),tensor(0.1073)
818,tensor(1.0231),tensor(1.0045),tensor(0.1043)
819,tensor(1.0568),tensor(0.9995),tensor(0.1065)
820,tensor(0.9265),tensor(0.9886),tensor(0.1052)
821,tensor(0.9073),tensor(0.9783),tensor(0.1062)
822,tensor(1.0582),tensor(0.9726),tensor(0.1016)
823,tensor(1.2287),tensor(0.9701),tensor(0.1043)
824,tensor(1.0819),tensor(0.9698),tensor(0.1009)
825,tensor(1.1470),tensor(0.9695),tensor(0.1249)
826,tensor(1.3350),tensor(0.9700),tensor(0.1312)
827,tensor(1.1591),tensor(0.9718),tensor(0.0968)
828,tensor(1.0968),tensor(0.9741),tensor(0.1065)
829,tensor(1.1484),tensor(0.9802),tensor(0.1078)
830,tensor(1.0954),tensor(0.9762),tensor(0.1140)
831,tensor(1.0478),tensor(0.9748),tensor(0.1077)
832,tensor(1.0303),tensor(0.9754),tensor(0.0923)
833,tensor(0.9935),tensor(0.9757),tensor(0.1190)
834,tensor(1.1267),tensor(0.9756),tensor(0.0933)
835,tensor(1.0182),tensor(0.9754),tensor(0.1031)
836,tensor(1.2323),tensor(0.9755),tensor(0.1121)
837,tensor(1.0151),tensor(0.9755),tensor(0.1048)
838,tensor(1.1696),tensor(0.9755),tensor(0.1153)
839,tensor(1.0829),tensor(0.9755),tensor(0.1085)
840,tensor(0.9653),tensor(0.9756),tensor(0.1110)
841,tensor(1.0681),tensor(0.9756),tensor(0.1131)
842,tensor(1.0684),tensor(0.9756),tensor(0.1089)
843,tensor(0.9539),tensor(0.9756),tensor(0.1035)
844,tensor(1.0209),tensor(0.9757),tensor(0.1103)
